{
  "joint_w5_oracle": [
    {
      "seed": 1,
      "scenario": "S2",
      "K_true": 1,
      "alpha_true": 0.30472864988010273,
      "T_true": 40.0,
      "detected_K": 2,
      "greedy_correct_K": false,
      "greedy_precision": 1.0,
      "greedy_recall": 1.0,
      "rhat_max": 1.0,
      "ess_min": 1446.0,
      "n_divergences": 0,
      "alpha_mae": 0.02275848019302973,
      "T_mae": 9.823853312826046,
      "alpha_ci_cover": 1.0,
      "T_ci_cover": 1.0,
      "alpha_true_0": 0.30472864988010273,
      "alpha_hat_0": 0.281970169687073,
      "alpha_ci_0": [
        0.223170169687073,
        0.340770169687073
      ],
      "T_true_0": 40.0,
      "T_hat_0": 30.176146687173954,
      "T_ci_0": [
        15.874869572761325,
        53.45966407837488
      ],
      "runtime_s": 8.340261459350586
    },
    {
      "seed": 2,
      "scenario": "S2",
      "K_true": 1,
      "alpha_true": 0.20464485369972657,
      "T_true": 14.0,
      "detected_K": 1,
      "greedy_correct_K": true,
      "greedy_precision": 1.0,
      "greedy_recall": 1.0,
      "rhat_max": 1.0,
      "ess_min": 2795.0,
      "n_divergences": 0,
      "alpha_mae": 0.018885515794009988,
      "T_mae": 16.003329433908533,
      "alpha_ci_cover": 1.0,
      "T_ci_cover": 0.0,
      "alpha_true_0": 0.20464485369972657,
      "alpha_hat_0": 0.18575933790571658,
      "alpha_ci_0": [
        0.1269593379057166,
        0.24455933790571657
      ],
      "T_true_0": 14.0,
      "T_hat_0": 30.003329433908533,
      "T_ci_0": [
        15.95817583304368,
        52.97850678183684
      ],
      "runtime_s": 5.493567705154419
    },
    {
      "seed": 3,
      "scenario": "S2",
      "K_true": 1,
      "alpha_true": 0.13425966685744975,
      "T_true": 17.0,
      "detected_K": 1,
      "greedy_correct_K": true,
      "greedy_precision": 1.0,
      "greedy_recall": 1.0,
      "rhat_max": 1.0,
      "ess_min": 1387.0,
      "n_divergences": 0,
      "alpha_mae": 0.03361060665560886,
      "T_mae": 11.588920159109783,
      "alpha_ci_cover": 1.0,
      "T_ci_cover": 1.0,
      "alpha_true_0": 0.13425966685744975,
      "alpha_hat_0": 0.10064906020184089,
      "alpha_ci_0": [
        0.04184906020184089,
        0.15944906020184088
      ],
      "T_true_0": 17.0,
      "T_hat_0": 28.588920159109783,
      "T_ci_0": [
        13.82235798920878,
        54.416525395591705
      ],
      "runtime_s": 5.547768831253052
    },
    {
      "seed": 4,
      "scenario": "S2",
      "K_true": 1,
      "alpha_true": 0.47722244222894705,
      "T_true": 45.0,
      "detected_K": 2,
      "greedy_correct_K": false,
      "greedy_precision": 1.0,
      "greedy_recall": 1.0,
      "rhat_max": 1.0,
      "ess_min": 3507.0,
      "n_divergences": 0,
      "alpha_mae": 0.13062879547403194,
      "T_mae": 15.481505373442552,
      "alpha_ci_cover": 0.0,
      "T_ci_cover": 1.0,
      "alpha_true_0": 0.47722244222894705,
      "alpha_hat_0": 0.3465936467549151,
      "alpha_ci_0": [
        0.2877936467549151,
        0.4053936467549151
      ],
      "T_true_0": 45.0,
      "T_hat_0": 29.518494626557448,
      "T_ci_0": [
        16.58310072290109,
        50.008511779392556
      ],
      "runtime_s": 5.8970701694488525
    },
    {
      "seed": 5,
      "scenario": "S2",
      "K_true": 1,
      "alpha_true": 0.42200116949815214,
      "T_true": 10.0,
      "detected_K": 2,
      "greedy_correct_K": false,
      "greedy_precision": 1.0,
      "greedy_recall": 1.0,
      "rhat_max": 1.0,
      "ess_min": 3265.0,
      "n_divergences": 0,
      "alpha_mae": 0.06777911776367951,
      "T_mae": 19.97109319911915,
      "alpha_ci_cover": 0.0,
      "T_ci_cover": 0.0,
      "alpha_true_0": 0.42200116949815214,
      "alpha_hat_0": 0.35422205173447263,
      "alpha_ci_0": [
        0.2954220517344726,
        0.41302205173447265
      ],
      "T_true_0": 10.0,
      "T_hat_0": 29.97109319911915,
      "T_ci_0": [
        15.931747217624284,
        53.62297855840351
      ],
      "runtime_s": 6.011659860610962
    },
    {
      "seed": 6,
      "scenario": "S2",
      "K_true": 1,
      "alpha_true": 0.3152657405887773,
      "T_true": 30.0,
      "detected_K": 1,
      "greedy_correct_K": true,
      "greedy_precision": 1.0,
      "greedy_recall": 1.0,
      "rhat_max": 1.0,
      "ess_min": 2837.0,
      "n_divergences": 0,
      "alpha_mae": 0.08181277744172577,
      "T_mae": 0.20949922995424686,
      "alpha_ci_cover": 0.0,
      "T_ci_cover": 1.0,
      "alpha_true_0": 0.3152657405887773,
      "alpha_hat_0": 0.23345296314705155,
      "alpha_ci_0": [
        0.17465296314705156,
        0.29225296314705157
      ],
      "T_true_0": 30.0,
      "T_hat_0": 30.209499229954247,
      "T_ci_0": [
        15.979000657228879,
        53.67608137027044
      ],
      "runtime_s": 5.462893486022949
    },
    {
      "seed": 7,
      "scenario": "S2",
      "K_true": 1,
      "alpha_true": 0.3500381866418668,
      "T_true": 37.0,
      "detected_K": 2,
      "greedy_correct_K": false,
      "greedy_precision": 1.0,
      "greedy_recall": 1.0,
      "rhat_max": 1.0,
      "ess_min": 2205.0,
      "n_divergences": 0,
      "alpha_mae": 0.040951181587107977,
      "T_mae": 6.816530139368297,
      "alpha_ci_cover": 1.0,
      "T_ci_cover": 1.0,
      "alpha_true_0": 0.3500381866418668,
      "alpha_hat_0": 0.30908700505475883,
      "alpha_ci_0": [
        0.2502870050547588,
        0.36788700505475885
      ],
      "T_true_0": 37.0,
      "T_hat_0": 30.183469860631703,
      "T_ci_0": [
        16.271846849999807,
        53.275857275765965
      ],
      "runtime_s": 5.861938714981079
    },
    {
      "seed": 8,
      "scenario": "S2",
      "K_true": 1,
      "alpha_true": 0.2307889106422243,
      "T_true": 19.0,
      "detected_K": 1,
      "greedy_correct_K": true,
      "greedy_precision": 1.0,
      "greedy_recall": 1.0,
      "rhat_max": 1.0,
      "ess_min": 2825.0,
      "n_divergences": 0,
      "alpha_mae": 0.044945382025227965,
      "T_mae": 9.294939690726071,
      "alpha_ci_cover": 1.0,
      "T_ci_cover": 1.0,
      "alpha_true_0": 0.2307889106422243,
      "alpha_hat_0": 0.18584352861699632,
      "alpha_ci_0": [
        0.12704352861699633,
        0.24464352861699631
      ],
      "T_true_0": 19.0,
      "T_hat_0": 28.29493969072607,
      "T_ci_0": [
        14.321373406014784,
        53.332557152588876
      ],
      "runtime_s": 5.649474620819092
    },
    {
      "seed": 9,
      "scenario": "S2",
      "K_true": 1,
      "alpha_true": 0.4480996815880339,
      "T_true": 48.0,
      "detected_K": 2,
      "greedy_correct_K": false,
      "greedy_precision": 1.0,
      "greedy_recall": 1.0,
      "rhat_max": 1.0,
      "ess_min": 2636.0,
      "n_divergences": 0,
      "alpha_mae": 0.11826835086186627,
      "T_mae": 17.73029539460777,
      "alpha_ci_cover": 0.0,
      "T_ci_cover": 1.0,
      "alpha_true_0": 0.4480996815880339,
      "alpha_hat_0": 0.32983133072616766,
      "alpha_ci_0": [
        0.27103133072616764,
        0.3886313307261677
      ],
      "T_true_0": 48.0,
      "T_hat_0": 30.26970460539223,
      "T_ci_0": [
        16.004931885664632,
        53.84678374089734
      ],
      "runtime_s": 6.2383246421813965
    },
    {
      "seed": 10,
      "scenario": "S2",
      "K_true": 1,
      "alpha_true": 0.4824006838515902,
      "T_true": 20.0,
      "detected_K": 2,
      "greedy_correct_K": false,
      "greedy_precision": 1.0,
      "greedy_recall": 1.0,
      "rhat_max": 1.0,
      "ess_min": 3607.0,
      "n_divergences": 0,
      "alpha_mae": 0.12821309852337076,
      "T_mae": 9.388933016630297,
      "alpha_ci_cover": 0.0,
      "T_ci_cover": 1.0,
      "alpha_true_0": 0.4824006838515902,
      "alpha_hat_0": 0.3541875853282194,
      "alpha_ci_0": [
        0.2953875853282194,
        0.41298758532821944
      ],
      "T_true_0": 20.0,
      "T_hat_0": 29.388933016630297,