{
  "joint_w5_oracle": [
    {
      "seed": 1,
      "scenario": "S2",
      "K_true": 1,
      "alpha_true": 0.30472864988010273,
      "T_true": 40.0,
      "detected_K": 1,
      "greedy_correct_K": true,
      "greedy_precision": 1.0,
      "greedy_recall": 1.0,
      "rhat_max": 1.0,
      "ess_min": 1956.0,
      "n_divergences": 0,
      "alpha_mae": 0.13585707415341197,
      "T_mae": 11.89133144298977,
      "alpha_ci_cover": 0.0,
      "T_ci_cover": 1.0,
      "alpha_true_0": 0.30472864988010273,
      "alpha_hat_0": 0.16887157572669076,
      "alpha_ci_0": [
        0.11007157572669077,
        0.22767157572669075
      ],
      "T_true_0": 40.0,
      "T_hat_0": 28.10866855701023,
      "T_ci_0": [
        11.146019609355827,
        54.6304637742199
      ],
      "runtime_s": 4.954686880111694
    },
    {
      "seed": 2,
      "scenario": "S2",
      "K_true": 1,
      "alpha_true": 0.20464485369972657,
      "T_true": 14.0,
      "detected_K": 1,
      "greedy_correct_K": true,
      "greedy_precision": 1.0,
      "greedy_recall": 1.0,
      "rhat_max": 1.0,
      "ess_min": 1461.0,
      "n_divergences": 0,
      "alpha_mae": 0.07449318899608143,
      "T_mae": 13.326677871803025,
      "alpha_ci_cover": 0.0,
      "T_ci_cover": 1.0,
      "alpha_true_0": 0.20464485369972657,
      "alpha_hat_0": 0.13015166470364514,
      "alpha_ci_0": [
        0.07135166470364515,
        0.18895166470364513
      ],
      "T_true_0": 14.0,
      "T_hat_0": 27.326677871803025,
      "T_ci_0": [
        11.46887872586008,
        53.502552572739916
      ],
      "runtime_s": 3.870194435119629
    },
    {
      "seed": 3,
      "scenario": "S2",
      "K_true": 1,
      "alpha_true": 0.13425966685744975,
      "T_true": 17.0,
      "detected_K": 0,
      "greedy_correct_K": false,
      "greedy_precision": 0.0,
      "greedy_recall": 0.0,
      "rhat_max": 1.0,
      "ess_min": 1040.0,
      "n_divergences": 0,
      "alpha_mae": 0.043843101535041756,
      "T_mae": 11.373987955105434,
      "alpha_ci_cover": 1.0,
      "T_ci_cover": 1.0,
      "alpha_true_0": 0.13425966685744975,
      "alpha_hat_0": 0.090416565322408,
      "alpha_ci_0": [
        0.031616565322407995,
        0.14921656532240798
      ],
      "T_true_0": 17.0,
      "T_hat_0": 28.373987955105434,
      "T_ci_0": [
        11.794106465769877,
        55.85307311865891
      ],
      "runtime_s": 4.171952724456787
    },
    {
      "seed": 4,
      "scenario": "S2",
      "K_true": 1,
      "alpha_true": 0.47722244222894705,
      "T_true": 45.0,
      "detected_K": 1,
      "greedy_correct_K": true,
      "greedy_precision": 1.0,
      "greedy_recall": 1.0,
      "rhat_max": 1.0,
      "ess_min": 2410.0,
      "n_divergences": 0,
      "alpha_mae": 0.2643398562326867,
      "T_mae": 13.402748885599703,
      "alpha_ci_cover": 0.0,
      "T_ci_cover": 1.0,
      "alpha_true_0": 0.47722244222894705,
      "alpha_hat_0": 0.21288258599626037,
      "alpha_ci_0": [
        0.15408258599626037,
        0.2716825859962604
      ],
      "T_true_0": 45.0,
      "T_hat_0": 31.597251114400297,
      "T_ci_0": [
        14.757011077319342,
        56.718541074171
      ],
      "runtime_s": 3.2369446754455566
    },
    {
      "seed": 5,
      "scenario": "S2",
      "K_true": 1,
      "alpha_true": 0.42200116949815214,
      "T_true": 10.0,
      "detected_K": 1,
      "greedy_correct_K": true,
      "greedy_precision": 1.0,
      "greedy_recall": 1.0,
      "rhat_max": 1.0,
      "ess_min": 2353.0,
      "n_divergences": 0,
      "alpha_mae": 0.07483596160493,
      "T_mae": 18.136460396110824,
      "alpha_ci_cover": 1.0,
      "T_ci_cover": 0.0,
      "alpha_true_0": 0.42200116949815214,
      "alpha_hat_0": 0.34716520789322214,
      "alpha_ci_0": [
        0.23191322778157436,
        0.4624171880048699
      ],
      "T_true_0": 10.0,
      "T_hat_0": 28.136460396110824,
      "T_ci_0": [
        12.624180739085078,
        51.95462030063396
      ],
      "runtime_s": 2.4026474952697754
    },
    {
      "seed": 6,
      "scenario": "S2",
      "K_true": 1,
      "alpha_true": 0.3152657405887773,
      "T_true": 30.0,
      "detected_K": 1,
      "greedy_correct_K": true,
      "greedy_precision": 1.0,
      "greedy_recall": 1.0,
      "rhat_max": 1.0,
      "ess_min": 1270.0,
      "n_divergences": 0,
      "alpha_mae": 0.08089358966954119,
      "T_mae": 2.5062907137073545,
      "alpha_ci_cover": 0.0,
      "T_ci_cover": 1.0,
      "alpha_true_0": 0.3152657405887773,
      "alpha_hat_0": 0.23437215091923613,
      "alpha_ci_0": [
        0.1662002075486544,
        0.3025440942898179
      ],
      "T_true_0": 30.0,
      "T_hat_0": 27.493709286292646,
      "T_ci_0": [
        11.726004366142908,
        52.668867334107354
      ],
      "runtime_s": 3.901289463043213
    },
    {
      "seed": 7,
      "scenario": "S2",
      "K_true": 1,
      "alpha_true": 0.3500381866418668,
      "T_true": 37.0,
      "detected_K": 1,
      "greedy_correct_K": true,
      "greedy_precision": 1.0,
      "greedy_recall": 1.0,
      "rhat_max": 1.0,
      "ess_min": 2189.0,
      "n_divergences": 0,
      "alpha_mae": 0.17541468002654864,
      "T_mae": 9.120450620270688,
      "alpha_ci_cover": 0.0,
      "T_ci_cover": 1.0,
      "alpha_true_0": 0.3500381866418668,
      "alpha_hat_0": 0.17462350661531817,
      "alpha_ci_0": [
        0.11582350661531818,
        0.23342350661531816
      ],
      "T_true_0": 37.0,
      "T_hat_0": 27.879549379729312,
      "T_ci_0": [
        11.14129408449131,
        55.02389680317062
      ],
      "runtime_s": 3.66973614692688
    },
    {
      "seed": 8,
      "scenario": "S2",
      "K_true": 1,
      "alpha_true": 0.2307889106422243,
      "T_true": 19.0,
      "detected_K": 1,
      "greedy_correct_K": true,
      "greedy_precision": 1.0,
      "greedy_recall": 1.0,
      "rhat_max": 1.0,
      "ess_min": 1819.0,
      "n_divergences": 0,
      "alpha_mae": 0.06658536546562688,
      "T_mae": 7.9870034389062745,
      "alpha_ci_cover": 0.0,
      "T_ci_cover": 1.0,
      "alpha_true_0": 0.2307889106422243,
      "alpha_hat_0": 0.1642035451765974,
      "alpha_ci_0": [
        0.10540354517659742,
        0.2230035451765974
      ],
      "T_true_0": 19.0,
      "T_hat_0": 26.987003438906275,
      "T_ci_0": [
        11.191212742389803,
        52.915294187941576
      ],
      "runtime_s": 4.0901525020599365
    },
    {
      "seed": 9,
      "scenario": "S2",
      "K_true": 1,
      "alpha_true": 0.4480996815880339,
      "T_true": 48.0,
      "detected_K": 1,
      "greedy_correct_K": true,
      "greedy_precision": 1.0,
      "greedy_recall": 1.0,
      "rhat_max": 1.0,
      "ess_min": 2255.0,
      "n_divergences": 0,
      "alpha_mae": 0.20657321349126673,
      "T_mae": 19.964123241148716,
      "alpha_ci_cover": 0.0,
      "T_ci_cover": 1.0,
      "alpha_true_0": 0.4480996815880339,
      "alpha_hat_0": 0.2415264680967672,
      "alpha_ci_0": [
        0.17700249637427817,
        0.3060504398192562
      ],
      "T_true_0": 48.0,
      "T_hat_0": 28.035876758851284,
      "T_ci_0": [
        11.159054415346375,
        54.58891554378804
      ],
      "runtime_s": 3.829071044921875
    },
    {
      "seed": 10,
      "scenario": "S2",
      "K_true": 1,
      "alpha_true": 0.4824006838515902,
      "T_true": 20.0,
      "detected_K": 1,
      "greedy_correct_K": true,
      "greedy_precision": 1.0,
      "greedy_recall": 1.0,
      "rhat_max": 1.0,
      "ess_min": 2718.0,
      "n_divergences": 0,
      "alpha_mae": 0.1776598781788329,
      "T_mae": 7.553315981387954,
      "alpha_ci_cover": 0.0,
      "T_ci_cover": 1.0,
      "alpha_true_0": 0.4824006838515902,
      "alpha_hat_0": 0.3047408056727573,
      "alpha_ci_0": [
        0.22425623534329137,
        0.38522537600222323
      ],
      "T_true_0": 20.0,
      "T_hat_0": 27.553315981387954,