{
  "hapgraph_wibd3": [
    {
      "seed": 1,
      "scenario": "S2",
      "detected_K": 2,
      "greedy_correct_target": false,
      "greedy_hit": true,
      "rhat_max": 1.01,
      "ess_min": 396.0,
      "n_divergences": 0,
      "alpha_true_k0": 0.30472864988010273,
      "alpha_hat_k0": 0.5321123732188295,
      "T_true_k0": 40.0,
      "T_hat_k0": 30.38855899799619,
      "alpha_mae": 0.2273837233387268,
      "T_mae": 9.611441002003811,
      "alpha_ci_cover": 1.0,
      "T_ci_cover": 1.0,
      "runtime_s": 19.730507612228394
    },
    {
      "seed": 2,
      "scenario": "S2",
      "detected_K": 2,
      "greedy_correct_target": false,
      "greedy_hit": true,
      "rhat_max": 1.0,
      "ess_min": 475.0,
      "n_divergences": 0,
      "alpha_true_k0": 0.20464485369972657,
      "alpha_hat_k0": 0.2566026729347499,
      "T_true_k0": 14.0,
      "T_hat_k0": 37.771715169179785,
      "alpha_mae": 0.05195781923502335,
      "T_mae": 23.771715169179785,
      "alpha_ci_cover": 1.0,
      "T_ci_cover": 0.0,
      "runtime_s": 9.468968152999878
    },
    {
      "seed": 3,
      "scenario": "S2",
      "detected_K": 2,
      "greedy_correct_target": false,
      "greedy_hit": true,
      "rhat_max": 1.0,
      "ess_min": 564.0,
      "n_divergences": 0,
      "alpha_true_k0": 0.13425966685744975,
      "alpha_hat_k0": 0.19420950150319288,
      "T_true_k0": 17.0,
      "T_hat_k0": 29.992599889618017,
      "alpha_mae": 0.05994983464574313,
      "T_mae": 12.992599889618017,
      "alpha_ci_cover": 1.0,
      "T_ci_cover": 0.0,
      "runtime_s": 9.438852310180664
    },
    {
      "seed": 4,
      "scenario": "S2",
      "detected_K": 2,
      "greedy_correct_target": false,
      "greedy_hit": true,
      "rhat_max": 1.0,
      "ess_min": 517.0,
      "n_divergences": 0,
      "alpha_true_k0": 0.47722244222894705,
      "alpha_hat_k0": 0.4442284189663113,
      "T_true_k0": 45.0,
      "T_hat_k0": 32.68419875040234,
      "alpha_mae": 0.03299402326263573,
      "T_mae": 12.315801249597662,
      "alpha_ci_cover": 1.0,
      "T_ci_cover": 1.0,
      "runtime_s": 10.121244668960571
    }
  ]
}